,user_id,username
0,0,V
1,1,p
2,2,r
3,3,c
4,4,h
5,5,o
6,6,C
7,7,n
8,8,A
9,9,T
10,10,k
11,11,v
12,12,c
13,13,K
14,14,x
15,15,G
16,16,N
17,17,X
18,18,N
19,19,J
20,20,T
21,21,g
22,22,F
23,23,J
24,24,i
25,25,p
26,26,U
27,27,K
28,28,O
29,29,S
30,30,W
31,31,S
32,32,r
33,33,w
34,34,x
35,35,p
36,36,Q
37,37,m
38,38,s
39,39,H
40,40,b
41,41,u
42,42,M
43,43,C
44,44,n
45,45,R
46,46,z
47,47,j
48,48,V
49,49,H
50,50,F
51,51,T
52,52,C
53,53,u
54,54,e
55,55,L
56,56,f
57,57,T
58,58,Y
59,59,z
60,60,O
61,61,Q
62,62,I
63,63,g
64,64,P
65,65,I
66,66,h
67,67,d
68,68,g
69,69,M
70,70,H
71,71,n
72,72,a
73,73,a
74,74,I
75,75,n
76,76,Y
77,77,k
78,78,Y
79,79,d
80,80,m
81,81,f
82,82,N
83,83,b
84,84,p
85,85,Y
86,86,D
87,87,n
88,88,a
89,89,t
90,90,P
91,91,l
92,92,X
93,93,l
94,94,X
95,95,L
96,96,Y
97,97,o
98,98,Z
99,99,d
